[
{
  "model": "admin.logentry",
  "pk": 1,
  "fields": {
    "action_time": "2024-02-18T17:35:56.516Z",
    "user": 1,
    "content_type": 7,
    "object_id": "1",
    "object_repr": "Новости",
    "action_flag": 1,
    "change_message": "[{\"added\": {}}]"
  }
},
{
  "model": "admin.logentry",
  "pk": 2,
  "fields": {
    "action_time": "2024-02-18T17:36:40.765Z",
    "user": 1,
    "content_type": 7,
    "object_id": "2",
    "object_repr": "Технологии",
    "action_flag": 1,
    "change_message": "[{\"added\": {}}]"
  }
},
{
  "model": "admin.logentry",
  "pk": 3,
  "fields": {
    "action_time": "2024-02-18T17:37:19.711Z",
    "user": 1,
    "content_type": 7,
    "object_id": "3",
    "object_repr": "Статьи",
    "action_flag": 1,
    "change_message": "[{\"added\": {}}]"
  }
},
{
  "model": "admin.logentry",
  "pk": 4,
  "fields": {
    "action_time": "2024-02-18T17:37:39.200Z",
    "user": 1,
    "content_type": 7,
    "object_id": "4",
    "object_repr": "Python",
    "action_flag": 1,
    "change_message": "[{\"added\": {}}]"
  }
},
{
  "model": "admin.logentry",
  "pk": 5,
  "fields": {
    "action_time": "2024-02-18T17:37:55.212Z",
    "user": 1,
    "content_type": 7,
    "object_id": "5",
    "object_repr": "Django",
    "action_flag": 1,
    "change_message": "[{\"added\": {}}]"
  }
},
{
  "model": "admin.logentry",
  "pk": 6,
  "fields": {
    "action_time": "2024-02-18T17:58:45.592Z",
    "user": 1,
    "content_type": 8,
    "object_id": "1",
    "object_repr": "Post object (1)",
    "action_flag": 1,
    "change_message": "[{\"added\": {}}]"
  }
},
{
  "model": "admin.logentry",
  "pk": 7,
  "fields": {
    "action_time": "2024-02-19T16:29:24.477Z",
    "user": 1,
    "content_type": 4,
    "object_id": "2",
    "object_repr": "ksulia",
    "action_flag": 1,
    "change_message": "[{\"added\": {}}]"
  }
},
{
  "model": "admin.logentry",
  "pk": 8,
  "fields": {
    "action_time": "2024-02-19T16:30:05.137Z",
    "user": 1,
    "content_type": 4,
    "object_id": "2",
    "object_repr": "ksulia",
    "action_flag": 2,
    "change_message": "[{\"changed\": {\"fields\": [\"First name\", \"Last name\"]}}]"
  }
},
{
  "model": "admin.logentry",
  "pk": 9,
  "fields": {
    "action_time": "2024-02-19T16:30:30.042Z",
    "user": 1,
    "content_type": 8,
    "object_id": "1",
    "object_repr": "Post object (1)",
    "action_flag": 2,
    "change_message": "[]"
  }
},
{
  "model": "admin.logentry",
  "pk": 10,
  "fields": {
    "action_time": "2024-02-19T16:50:52.146Z",
    "user": 1,
    "content_type": 8,
    "object_id": "1",
    "object_repr": "Post object (1)",
    "action_flag": 2,
    "change_message": "[{\"changed\": {\"fields\": [\"\\u0418\\u0437\\u043e\\u0431\\u0440\\u0430\\u0436\\u0435\\u043d\\u0438\\u0435 \\u0437\\u0430\\u043f\\u0438\\u0441\\u0438\"]}}]"
  }
},
{
  "model": "admin.logentry",
  "pk": 11,
  "fields": {
    "action_time": "2024-02-19T17:01:28.285Z",
    "user": 1,
    "content_type": 8,
    "object_id": "1",
    "object_repr": "Post object (1)",
    "action_flag": 2,
    "change_message": "[{\"changed\": {\"fields\": [\"\\u0412\\u0440\\u0435\\u043c\\u044f \\u0434\\u043e\\u0431\\u0430\\u0432\\u043b\\u0435\\u043d\\u0438\\u044f\"]}}]"
  }
},
{
  "model": "admin.logentry",
  "pk": 12,
  "fields": {
    "action_time": "2024-02-19T17:04:10.749Z",
    "user": 1,
    "content_type": 8,
    "object_id": "1",
    "object_repr": "Post object (1)",
    "action_flag": 2,
    "change_message": "[{\"changed\": {\"fields\": [\"\\u0412\\u0440\\u0435\\u043c\\u044f \\u0434\\u043e\\u0431\\u0430\\u0432\\u043b\\u0435\\u043d\\u0438\\u044f\"]}}]"
  }
},
{
  "model": "admin.logentry",
  "pk": 13,
  "fields": {
    "action_time": "2024-02-19T17:44:19.025Z",
    "user": 1,
    "content_type": 8,
    "object_id": "2",
    "object_repr": "Первая тестовая статья",
    "action_flag": 1,
    "change_message": "[{\"added\": {}}]"
  }
},
{
  "model": "admin.logentry",
  "pk": 14,
  "fields": {
    "action_time": "2024-02-19T17:45:01.763Z",
    "user": 1,
    "content_type": 8,
    "object_id": "3",
    "object_repr": "Первая тестовая статья",
    "action_flag": 1,
    "change_message": "[{\"added\": {}}]"
  }
},
{
  "model": "admin.logentry",
  "pk": 15,
  "fields": {
    "action_time": "2024-02-19T17:45:09.550Z",
    "user": 1,
    "content_type": 8,
    "object_id": "3",
    "object_repr": "Первая тестовая статья",
    "action_flag": 3,
    "change_message": ""
  }
},
{
  "model": "admin.logentry",
  "pk": 16,
  "fields": {
    "action_time": "2024-02-19T22:08:26.755Z",
    "user": 1,
    "content_type": 7,
    "object_id": "6",
    "object_repr": "C",
    "action_flag": 1,
    "change_message": "[{\"added\": {}}]"
  }
},
{
  "model": "admin.logentry",
  "pk": 17,
  "fields": {
    "action_time": "2024-02-19T22:08:52.240Z",
    "user": 1,
    "content_type": 7,
    "object_id": "7",
    "object_repr": "C++",
    "action_flag": 1,
    "change_message": "[{\"added\": {}}]"
  }
},
{
  "model": "admin.logentry",
  "pk": 18,
  "fields": {
    "action_time": "2024-02-19T22:09:29.378Z",
    "user": 1,
    "content_type": 7,
    "object_id": "8",
    "object_repr": "Kotlin",
    "action_flag": 1,
    "change_message": "[{\"added\": {}}]"
  }
},
{
  "model": "admin.logentry",
  "pk": 19,
  "fields": {
    "action_time": "2024-02-19T22:09:58.918Z",
    "user": 1,
    "content_type": 7,
    "object_id": "9",
    "object_repr": "Культура",
    "action_flag": 1,
    "change_message": "[{\"added\": {}}]"
  }
},
{
  "model": "admin.logentry",
  "pk": 20,
  "fields": {
    "action_time": "2024-02-19T22:10:07.788Z",
    "user": 1,
    "content_type": 7,
    "object_id": "10",
    "object_repr": "Спорт",
    "action_flag": 1,
    "change_message": "[{\"added\": {}}]"
  }
},
{
  "model": "admin.logentry",
  "pk": 21,
  "fields": {
    "action_time": "2024-02-19T22:10:30.534Z",
    "user": 1,
    "content_type": 7,
    "object_id": "11",
    "object_repr": "Java",
    "action_flag": 1,
    "change_message": "[{\"added\": {}}]"
  }
},
{
  "model": "admin.logentry",
  "pk": 22,
  "fields": {
    "action_time": "2024-02-19T22:10:47.834Z",
    "user": 1,
    "content_type": 7,
    "object_id": "12",
    "object_repr": "JavaScript",
    "action_flag": 1,
    "change_message": "[{\"added\": {}}]"
  }
},
{
  "model": "admin.logentry",
  "pk": 23,
  "fields": {
    "action_time": "2024-02-19T22:11:12.142Z",
    "user": 1,
    "content_type": 7,
    "object_id": "13",
    "object_repr": "IT",
    "action_flag": 1,
    "change_message": "[{\"added\": {}}]"
  }
},
{
  "model": "admin.logentry",
  "pk": 24,
  "fields": {
    "action_time": "2024-02-19T22:11:41.829Z",
    "user": 1,
    "content_type": 7,
    "object_id": "14",
    "object_repr": "Наука",
    "action_flag": 1,
    "change_message": "[{\"added\": {}}]"
  }
},
{
  "model": "admin.logentry",
  "pk": 25,
  "fields": {
    "action_time": "2024-02-19T22:12:07.410Z",
    "user": 1,
    "content_type": 7,
    "object_id": "15",
    "object_repr": "Политика",
    "action_flag": 1,
    "change_message": "[{\"added\": {}}]"
  }
},
{
  "model": "admin.logentry",
  "pk": 26,
  "fields": {
    "action_time": "2024-02-19T22:15:53.913Z",
    "user": 1,
    "content_type": 8,
    "object_id": "4",
    "object_repr": "Никита Кологривый сыграет в фильме Жириновского",
    "action_flag": 1,
    "change_message": "[{\"added\": {}}]"
  }
},
{
  "model": "admin.logentry",
  "pk": 27,
  "fields": {
    "action_time": "2024-02-20T10:50:40.634Z",
    "user": 1,
    "content_type": 8,
    "object_id": "5",
    "object_repr": "Язык C",
    "action_flag": 1,
    "change_message": "[{\"added\": {}}]"
  }
},
{
  "model": "admin.logentry",
  "pk": 28,
  "fields": {
    "action_time": "2024-02-20T10:50:56.121Z",
    "user": 1,
    "content_type": 8,
    "object_id": "5",
    "object_repr": "Язык C",
    "action_flag": 2,
    "change_message": "[{\"changed\": {\"fields\": [\"\\u0421\\u0442\\u0430\\u0442\\u0443\\u0441 \\u0437\\u0430\\u043f\\u0438\\u0441\\u0438\"]}}]"
  }
},
{
  "model": "admin.logentry",
  "pk": 29,
  "fields": {
    "action_time": "2024-02-20T10:53:56.452Z",
    "user": 1,
    "content_type": 8,
    "object_id": "5",
    "object_repr": "Язык C",
    "action_flag": 2,
    "change_message": "[{\"changed\": {\"fields\": [\"\\u0418\\u0437\\u043e\\u0431\\u0440\\u0430\\u0436\\u0435\\u043d\\u0438\\u0435 \\u0437\\u0430\\u043f\\u0438\\u0441\\u0438\"]}}]"
  }
},
{
  "model": "admin.logentry",
  "pk": 30,
  "fields": {
    "action_time": "2024-02-20T10:55:59.504Z",
    "user": 1,
    "content_type": 8,
    "object_id": "6",
    "object_repr": "C++",
    "action_flag": 1,
    "change_message": "[{\"added\": {}}]"
  }
},
{
  "model": "admin.logentry",
  "pk": 31,
  "fields": {
    "action_time": "2024-02-20T10:57:28.570Z",
    "user": 1,
    "content_type": 7,
    "object_id": "16",
    "object_repr": "C++",
    "action_flag": 1,
    "change_message": "[{\"added\": {}}]"
  }
},
{
  "model": "admin.logentry",
  "pk": 32,
  "fields": {
    "action_time": "2024-02-20T10:57:48.350Z",
    "user": 1,
    "content_type": 7,
    "object_id": "16",
    "object_repr": "C++",
    "action_flag": 3,
    "change_message": ""
  }
},
{
  "model": "admin.logentry",
  "pk": 33,
  "fields": {
    "action_time": "2024-02-20T10:58:32.076Z",
    "user": 1,
    "content_type": 8,
    "object_id": "6",
    "object_repr": "C++",
    "action_flag": 3,
    "change_message": ""
  }
},
{
  "model": "admin.logentry",
  "pk": 34,
  "fields": {
    "action_time": "2024-02-20T11:00:02.633Z",
    "user": 1,
    "content_type": 8,
    "object_id": "7",
    "object_repr": "С++",
    "action_flag": 1,
    "change_message": "[{\"added\": {}}]"
  }
},
{
  "model": "admin.logentry",
  "pk": 35,
  "fields": {
    "action_time": "2024-02-20T11:00:51.495Z",
    "user": 1,
    "content_type": 8,
    "object_id": "7",
    "object_repr": "С++",
    "action_flag": 2,
    "change_message": "[{\"changed\": {\"fields\": [\"URL\"]}}]"
  }
},
{
  "model": "admin.logentry",
  "pk": 36,
  "fields": {
    "action_time": "2024-02-20T11:01:53.644Z",
    "user": 1,
    "content_type": 7,
    "object_id": "7",
    "object_repr": "C++",
    "action_flag": 2,
    "change_message": "[{\"changed\": {\"fields\": [\"URL \\u043a\\u0430\\u0442\\u0435\\u0433\\u043e\\u0440\\u0438\\u0438\"]}}]"
  }
},
{
  "model": "admin.logentry",
  "pk": 37,
  "fields": {
    "action_time": "2024-02-20T11:03:00.810Z",
    "user": 1,
    "content_type": 7,
    "object_id": "17",
    "object_repr": "C#",
    "action_flag": 1,
    "change_message": "[{\"added\": {}}]"
  }
},
{
  "model": "admin.logentry",
  "pk": 38,
  "fields": {
    "action_time": "2024-02-20T11:34:31.283Z",
    "user": 1,
    "content_type": 9,
    "object_id": "1",
    "object_repr": "admin",
    "action_flag": 1,
    "change_message": "[{\"added\": {}}]"
  }
},
{
  "model": "admin.logentry",
  "pk": 39,
  "fields": {
    "action_time": "2024-02-20T11:36:24.904Z",
    "user": 1,
    "content_type": 4,
    "object_id": "3",
    "object_repr": "Ilya",
    "action_flag": 1,
    "change_message": "[{\"added\": {}}]"
  }
},
{
  "model": "admin.logentry",
  "pk": 40,
  "fields": {
    "action_time": "2024-02-20T11:57:58.941Z",
    "user": 1,
    "content_type": 9,
    "object_id": "3",
    "object_repr": "ksulia",
    "action_flag": 1,
    "change_message": "[{\"added\": {}}]"
  }
},
{
  "model": "admin.logentry",
  "pk": 41,
  "fields": {
    "action_time": "2024-02-20T12:02:33.039Z",
    "user": 1,
    "content_type": 9,
    "object_id": "3",
    "object_repr": "ksulia",
    "action_flag": 2,
    "change_message": "[{\"changed\": {\"fields\": [\"\\u0410\\u0432\\u0430\\u0442\\u0430\\u0440\"]}}]"
  }
},
{
  "model": "admin.logentry",
  "pk": 42,
  "fields": {
    "action_time": "2024-02-20T12:02:44.950Z",
    "user": 1,
    "content_type": 9,
    "object_id": "3",
    "object_repr": "ksulia",
    "action_flag": 2,
    "change_message": "[{\"changed\": {\"fields\": [\"\\u0410\\u0432\\u0430\\u0442\\u0430\\u0440\"]}}]"
  }
},
{
  "model": "admin.logentry",
  "pk": 43,
  "fields": {
    "action_time": "2024-02-20T12:03:00.546Z",
    "user": 1,
    "content_type": 9,
    "object_id": "3",
    "object_repr": "ksulia",
    "action_flag": 2,
    "change_message": "[{\"changed\": {\"fields\": [\"\\u0410\\u0432\\u0430\\u0442\\u0430\\u0440\"]}}]"
  }
},
{
  "model": "admin.logentry",
  "pk": 44,
  "fields": {
    "action_time": "2024-02-20T12:03:50.283Z",
    "user": 1,
    "content_type": 9,
    "object_id": "3",
    "object_repr": "ksulia",
    "action_flag": 2,
    "change_message": "[{\"changed\": {\"fields\": [\"\\u0410\\u0432\\u0430\\u0442\\u0430\\u0440\"]}}]"
  }
},
{
  "model": "admin.logentry",
  "pk": 45,
  "fields": {
    "action_time": "2024-02-20T12:34:24.343Z",
    "user": 1,
    "content_type": 4,
    "object_id": "2",
    "object_repr": "ksuliya",
    "action_flag": 2,
    "change_message": "[{\"changed\": {\"fields\": [\"Username\"]}}]"
  }
},
{
  "model": "admin.logentry",
  "pk": 46,
  "fields": {
    "action_time": "2024-02-20T12:37:45.291Z",
    "user": 1,
    "content_type": 8,
    "object_id": "9",
    "object_repr": "Месси в МЛС",
    "action_flag": 1,
    "change_message": "[{\"added\": {}}]"
  }
},
{
  "model": "admin.logentry",
  "pk": 47,
  "fields": {
    "action_time": "2024-02-20T12:40:19.442Z",
    "user": 1,
    "content_type": 8,
    "object_id": "10",
    "object_repr": "Космические зеркала, имитация извержений, одеяло для ледников и другие способы борьбы с глобальным потеплением",
    "action_flag": 1,
    "change_message": "[{\"added\": {}}]"
  }
},
{
  "model": "admin.logentry",
  "pk": 48,
  "fields": {
    "action_time": "2024-02-20T12:42:33.464Z",
    "user": 1,
    "content_type": 8,
    "object_id": "11",
    "object_repr": "Ученые из Калифорнийского технологического института передали на Землю солнечную энергию из космоса",
    "action_flag": 1,
    "change_message": "[{\"added\": {}}]"
  }
},
{
  "model": "admin.logentry",
  "pk": 49,
  "fields": {
    "action_time": "2024-02-20T21:09:33.283Z",
    "user": 1,
    "content_type": 9,
    "object_id": "3",
    "object_repr": "ksuliya",
    "action_flag": 2,
    "change_message": "[{\"changed\": {\"fields\": [\"\\u0410\\u0432\\u0430\\u0442\\u0430\\u0440\"]}}]"
  }
},
{
  "model": "admin.logentry",
  "pk": 50,
  "fields": {
    "action_time": "2024-02-21T15:54:19.458Z",
    "user": 1,
    "content_type": 4,
    "object_id": "4",
    "object_repr": "Michael",
    "action_flag": 1,
    "change_message": "[{\"added\": {}}]"
  }
},
{
  "model": "admin.logentry",
  "pk": 51,
  "fields": {
    "action_time": "2024-02-21T15:54:40.400Z",
    "user": 1,
    "content_type": 4,
    "object_id": "4",
    "object_repr": "Michael",
    "action_flag": 2,
    "change_message": "[{\"changed\": {\"fields\": [\"First name\", \"Last name\", \"Email address\", \"Superuser status\"]}}]"
  }
},
{
  "model": "admin.logentry",
  "pk": 52,
  "fields": {
    "action_time": "2024-02-21T15:54:56.368Z",
    "user": 1,
    "content_type": 4,
    "object_id": "4",
    "object_repr": "Michael",
    "action_flag": 2,
    "change_message": "[{\"changed\": {\"fields\": [\"Staff status\"]}}]"
  }
},
{
  "model": "admin.logentry",
  "pk": 53,
  "fields": {
    "action_time": "2024-02-21T17:04:27.040Z",
    "user": 1,
    "content_type": 8,
    "object_id": "15",
    "object_repr": "Мбаппе дал согласие на переход",
    "action_flag": 2,
    "change_message": "[{\"changed\": {\"fields\": [\"\\u0421\\u0442\\u0430\\u0442\\u0443\\u0441 \\u0437\\u0430\\u043f\\u0438\\u0441\\u0438\"]}}]"
  }
},
{
  "model": "admin.logentry",
  "pk": 54,
  "fields": {
    "action_time": "2024-02-21T17:04:44.809Z",
    "user": 1,
    "content_type": 8,
    "object_id": "14",
    "object_repr": "Мбаппе дал согласие на переход",
    "action_flag": 3,
    "change_message": ""
  }
},
{
  "model": "admin.logentry",
  "pk": 55,
  "fields": {
    "action_time": "2024-02-21T17:04:56.745Z",
    "user": 1,
    "content_type": 8,
    "object_id": "15",
    "object_repr": "Мбаппе дал согласие на переход",
    "action_flag": 2,
    "change_message": "[{\"changed\": {\"fields\": [\"\\u0421\\u0442\\u0430\\u0442\\u0443\\u0441 \\u0437\\u0430\\u043f\\u0438\\u0441\\u0438\"]}}]"
  }
},
{
  "model": "admin.logentry",
  "pk": 56,
  "fields": {
    "action_time": "2024-02-21T17:45:04.460Z",
    "user": 1,
    "content_type": 8,
    "object_id": "16",
    "object_repr": "Что такое GitHub и как им пользоваться",
    "action_flag": 2,
    "change_message": "[{\"changed\": {\"fields\": [\"\\u041a\\u0430\\u0442\\u0435\\u0433\\u043e\\u0440\\u0438\\u044f\"]}}]"
  }
},
{
  "model": "admin.logentry",
  "pk": 57,
  "fields": {
    "action_time": "2024-02-21T21:32:51.494Z",
    "user": 1,
    "content_type": 8,
    "object_id": "1",
    "object_repr": "Python 3.12 - Что нового?",
    "action_flag": 2,
    "change_message": "[{\"changed\": {\"fields\": [\"Tags\"]}}]"
  }
},
{
  "model": "admin.logentry",
  "pk": 58,
  "fields": {
    "action_time": "2024-02-21T21:33:03.736Z",
    "user": 1,
    "content_type": 8,
    "object_id": "2",
    "object_repr": "Обновленная первая тестовая статья",
    "action_flag": 2,
    "change_message": "[{\"changed\": {\"fields\": [\"Tags\"]}}]"
  }
},
{
  "model": "admin.logentry",
  "pk": 59,
  "fields": {
    "action_time": "2024-02-21T21:33:12.712Z",
    "user": 1,
    "content_type": 8,
    "object_id": "5",
    "object_repr": "Язык C",
    "action_flag": 2,
    "change_message": "[{\"changed\": {\"fields\": [\"Tags\"]}}]"
  }
},
{
  "model": "admin.logentry",
  "pk": 60,
  "fields": {
    "action_time": "2024-02-22T12:28:55.016Z",
    "user": 1,
    "content_type": 13,
    "object_id": "19",
    "object_repr": "Никита Кологривый сыграет в фильме Жириновского",
    "action_flag": 2,
    "change_message": "[{\"changed\": {\"fields\": [\"\\u041f\\u043e\\u043b\\u044c\\u0437\\u043e\\u0432\\u0430\\u0442\\u0435\\u043b\\u044c\", \"\\u0417\\u043d\\u0430\\u0447\\u0435\\u043d\\u0438\\u0435\", \"IP \\u0410\\u0434\\u0440\\u0435\\u0441\"]}}]"
  }
},
{
  "model": "admin.logentry",
  "pk": 61,
  "fields": {
    "action_time": "2024-02-22T12:29:26.943Z",
    "user": 1,
    "content_type": 13,
    "object_id": "19",
    "object_repr": "Никита Кологривый сыграет в фильме Жириновского",
    "action_flag": 2,
    "change_message": "[{\"changed\": {\"fields\": [\"\\u041f\\u043e\\u043b\\u044c\\u0437\\u043e\\u0432\\u0430\\u0442\\u0435\\u043b\\u044c\", \"\\u0417\\u043d\\u0430\\u0447\\u0435\\u043d\\u0438\\u0435\", \"IP \\u0410\\u0434\\u0440\\u0435\\u0441\"]}}]"
  }
},
{
  "model": "admin.logentry",
  "pk": 62,
  "fields": {
    "action_time": "2024-02-22T14:27:37.891Z",
    "user": 1,
    "content_type": 13,
    "object_id": "20",
    "object_repr": "Никита Кологривый сыграет в фильме Жириновского",
    "action_flag": 2,
    "change_message": "[{\"changed\": {\"fields\": [\"\\u0417\\u043d\\u0430\\u0447\\u0435\\u043d\\u0438\\u0435\"]}}]"
  }
},
{
  "model": "admin.logentry",
  "pk": 63,
  "fields": {
    "action_time": "2024-02-22T14:27:42.380Z",
    "user": 1,
    "content_type": 13,
    "object_id": "20",
    "object_repr": "Никита Кологривый сыграет в фильме Жириновского",
    "action_flag": 2,
    "change_message": "[{\"changed\": {\"fields\": [\"\\u0417\\u043d\\u0430\\u0447\\u0435\\u043d\\u0438\\u0435\"]}}]"
  }
},
{
  "model": "admin.logentry",
  "pk": 64,
  "fields": {
    "action_time": "2024-02-22T14:46:15.614Z",
    "user": 1,
    "content_type": 8,
    "object_id": "20",
    "object_repr": "тест",
    "action_flag": 3,
    "change_message": ""
  }
},
{
  "model": "admin.logentry",
  "pk": 65,
  "fields": {
    "action_time": "2024-02-22T16:08:47.865Z",
    "user": 1,
    "content_type": 8,
    "object_id": "21",
    "object_repr": "rgrgrg",
    "action_flag": 3,
    "change_message": ""
  }
},
{
  "model": "auth.permission",
  "pk": 1,
  "fields": {
    "name": "Can add log entry",
    "content_type": 1,
    "codename": "add_logentry"
  }
},
{
  "model": "auth.permission",
  "pk": 2,
  "fields": {
    "name": "Can change log entry",
    "content_type": 1,
    "codename": "change_logentry"
  }
},
{
  "model": "auth.permission",
  "pk": 3,
  "fields": {
    "name": "Can delete log entry",
    "content_type": 1,
    "codename": "delete_logentry"
  }
},
{
  "model": "auth.permission",
  "pk": 4,
  "fields": {
    "name": "Can view log entry",
    "content_type": 1,
    "codename": "view_logentry"
  }
},
{
  "model": "auth.permission",
  "pk": 5,
  "fields": {
    "name": "Can add permission",
    "content_type": 2,
    "codename": "add_permission"
  }
},
{
  "model": "auth.permission",
  "pk": 6,
  "fields": {
    "name": "Can change permission",
    "content_type": 2,
    "codename": "change_permission"
  }
},
{
  "model": "auth.permission",
  "pk": 7,
  "fields": {
    "name": "Can delete permission",
    "content_type": 2,
    "codename": "delete_permission"
  }
},
{
  "model": "auth.permission",
  "pk": 8,
  "fields": {
    "name": "Can view permission",
    "content_type": 2,
    "codename": "view_permission"
  }
},
{
  "model": "auth.permission",
  "pk": 9,
  "fields": {
    "name": "Can add group",
    "content_type": 3,
    "codename": "add_group"
  }
},
{
  "model": "auth.permission",
  "pk": 10,
  "fields": {
    "name": "Can change group",
    "content_type": 3,
    "codename": "change_group"
  }
},
{
  "model": "auth.permission",
  "pk": 11,
  "fields": {
    "name": "Can delete group",
    "content_type": 3,
    "codename": "delete_group"
  }
},
{
  "model": "auth.permission",
  "pk": 12,
  "fields": {
    "name": "Can view group",
    "content_type": 3,
    "codename": "view_group"
  }
},
{
  "model": "auth.permission",
  "pk": 13,
  "fields": {
    "name": "Can add user",
    "content_type": 4,
    "codename": "add_user"
  }
},
{
  "model": "auth.permission",
  "pk": 14,
  "fields": {
    "name": "Can change user",
    "content_type": 4,
    "codename": "change_user"
  }
},
{
  "model": "auth.permission",
  "pk": 15,
  "fields": {
    "name": "Can delete user",
    "content_type": 4,
    "codename": "delete_user"
  }
},
{
  "model": "auth.permission",
  "pk": 16,
  "fields": {
    "name": "Can view user",
    "content_type": 4,
    "codename": "view_user"
  }
},
{
  "model": "auth.permission",
  "pk": 17,
  "fields": {
    "name": "Can add content type",
    "content_type": 5,
    "codename": "add_contenttype"
  }
},
{
  "model": "auth.permission",
  "pk": 18,
  "fields": {
    "name": "Can change content type",
    "content_type": 5,
    "codename": "change_contenttype"
  }
},
{
  "model": "auth.permission",
  "pk": 19,
  "fields": {
    "name": "Can delete content type",
    "content_type": 5,
    "codename": "delete_contenttype"
  }
},
{
  "model": "auth.permission",
  "pk": 20,
  "fields": {
    "name": "Can view content type",
    "content_type": 5,
    "codename": "view_contenttype"
  }
},
{
  "model": "auth.permission",
  "pk": 21,
  "fields": {
    "name": "Can add session",
    "content_type": 6,
    "codename": "add_session"
  }
},
{
  "model": "auth.permission",
  "pk": 22,
  "fields": {
    "name": "Can change session",
    "content_type": 6,
    "codename": "change_session"
  }
},
{
  "model": "auth.permission",
  "pk": 23,
  "fields": {
    "name": "Can delete session",
    "content_type": 6,
    "codename": "delete_session"
  }
},
{
  "model": "auth.permission",
  "pk": 24,
  "fields": {
    "name": "Can view session",
    "content_type": 6,
    "codename": "view_session"
  }
},
{
  "model": "auth.permission",
  "pk": 25,
  "fields": {
    "name": "Can add Категория",
    "content_type": 7,
    "codename": "add_category"
  }
},
{
  "model": "auth.permission",
  "pk": 26,
  "fields": {
    "name": "Can change Категория",
    "content_type": 7,
    "codename": "change_category"
  }
},
{
  "model": "auth.permission",
  "pk": 27,
  "fields": {
    "name": "Can delete Категория",
    "content_type": 7,
    "codename": "delete_category"
  }
},
{
  "model": "auth.permission",
  "pk": 28,
  "fields": {
    "name": "Can view Категория",
    "content_type": 7,
    "codename": "view_category"
  }
},
{
  "model": "auth.permission",
  "pk": 29,
  "fields": {
    "name": "Can add post",
    "content_type": 8,
    "codename": "add_post"
  }
},
{
  "model": "auth.permission",
  "pk": 30,
  "fields": {
    "name": "Can change post",
    "content_type": 8,
    "codename": "change_post"
  }
},
{
  "model": "auth.permission",
  "pk": 31,
  "fields": {
    "name": "Can delete post",
    "content_type": 8,
    "codename": "delete_post"
  }
},
{
  "model": "auth.permission",
  "pk": 32,
  "fields": {
    "name": "Can view post",
    "content_type": 8,
    "codename": "view_post"
  }
},
{
  "model": "auth.permission",
  "pk": 33,
  "fields": {
    "name": "Can add Профиль",
    "content_type": 9,
    "codename": "add_profile"
  }
},
{
  "model": "auth.permission",
  "pk": 34,
  "fields": {
    "name": "Can change Профиль",
    "content_type": 9,
    "codename": "change_profile"
  }
},
{
  "model": "auth.permission",
  "pk": 35,
  "fields": {
    "name": "Can delete Профиль",
    "content_type": 9,
    "codename": "delete_profile"
  }
},
{
  "model": "auth.permission",
  "pk": 36,
  "fields": {
    "name": "Can view Профиль",
    "content_type": 9,
    "codename": "view_profile"
  }
},
{
  "model": "auth.permission",
  "pk": 37,
  "fields": {
    "name": "Can add Комментарий",
    "content_type": 10,
    "codename": "add_comment"
  }
},
{
  "model": "auth.permission",
  "pk": 38,
  "fields": {
    "name": "Can change Комментарий",
    "content_type": 10,
    "codename": "change_comment"
  }
},
{
  "model": "auth.permission",
  "pk": 39,
  "fields": {
    "name": "Can delete Комментарий",
    "content_type": 10,
    "codename": "delete_comment"
  }
},
{
  "model": "auth.permission",
  "pk": 40,
  "fields": {
    "name": "Can view Комментарий",
    "content_type": 10,
    "codename": "view_comment"
  }
},
{
  "model": "auth.permission",
  "pk": 41,
  "fields": {
    "name": "Can add tag",
    "content_type": 11,
    "codename": "add_tag"
  }
},
{
  "model": "auth.permission",
  "pk": 42,
  "fields": {
    "name": "Can change tag",
    "content_type": 11,
    "codename": "change_tag"
  }
},
{
  "model": "auth.permission",
  "pk": 43,
  "fields": {
    "name": "Can delete tag",
    "content_type": 11,
    "codename": "delete_tag"
  }
},
{
  "model": "auth.permission",
  "pk": 44,
  "fields": {
    "name": "Can view tag",
    "content_type": 11,
    "codename": "view_tag"
  }
},
{
  "model": "auth.permission",
  "pk": 45,
  "fields": {
    "name": "Can add tagged item",
    "content_type": 12,
    "codename": "add_taggeditem"
  }
},
{
  "model": "auth.permission",
  "pk": 46,
  "fields": {
    "name": "Can change tagged item",
    "content_type": 12,
    "codename": "change_taggeditem"
  }
},
{
  "model": "auth.permission",
  "pk": 47,
  "fields": {
    "name": "Can delete tagged item",
    "content_type": 12,
    "codename": "delete_taggeditem"
  }
},
{
  "model": "auth.permission",
  "pk": 48,
  "fields": {
    "name": "Can view tagged item",
    "content_type": 12,
    "codename": "view_taggeditem"
  }
},
{
  "model": "auth.permission",
  "pk": 49,
  "fields": {
    "name": "Can add Рейтинг",
    "content_type": 13,
    "codename": "add_rating"
  }
},
{
  "model": "auth.permission",
  "pk": 50,
  "fields": {
    "name": "Can change Рейтинг",
    "content_type": 13,
    "codename": "change_rating"
  }
},
{
  "model": "auth.permission",
  "pk": 51,
  "fields": {
    "name": "Can delete Рейтинг",
    "content_type": 13,
    "codename": "delete_rating"
  }
},
{
  "model": "auth.permission",
  "pk": 52,
  "fields": {
    "name": "Can view Рейтинг",
    "content_type": 13,
    "codename": "view_rating"
  }
},
{
  "model": "auth.user",
  "pk": 1,
  "fields": {
    "password": "pbkdf2_sha256$600000$wz5ULCrKBsrUXipDEUmuiu$2PP89NiuS4Q48HCOD/pOt79WIpI0zRIg7Q1bTwNjc+M=",
    "last_login": "2024-02-27T12:06:04.056Z",
    "is_superuser": true,
    "username": "admin",
    "first_name": "Админ",
    "last_name": "Админович",
    "email": "admin@admin.ru",
    "is_staff": true,
    "is_active": true,
    "date_joined": "2024-02-18T17:33:14.028Z",
    "groups": [],
    "user_permissions": []
  }
},
{
  "model": "auth.user",
  "pk": 2,
  "fields": {
    "password": "pbkdf2_sha256$600000$RsQU6161qKsizUAcVbCvnN$tBibR+rxIKr+X64LNWZV0uqVqZ7AlAlJ/dIH3A2RxDw=",
    "last_login": null,
    "is_superuser": false,
    "username": "ksuliya",
    "first_name": "Ксения",
    "last_name": "Залозная",
    "email": "",
    "is_staff": false,
    "is_active": true,
    "date_joined": "2024-02-19T16:29:23Z",
    "groups": [],
    "user_permissions": []
  }
},
{
  "model": "auth.user",
  "pk": 3,
  "fields": {
    "password": "pbkdf2_sha256$600000$Bkxebqb4xz5uMzXjb2MTsf$sfvw2TZK/LL3ZvXcT2gPVgxsACFwyWJviV1FtN7a/Gs=",
    "last_login": null,
    "is_superuser": false,
    "username": "Ilya",
    "first_name": "",
    "last_name": "",
    "email": "",
    "is_staff": false,
    "is_active": true,
    "date_joined": "2024-02-20T11:36:24.560Z",
    "groups": [],
    "user_permissions": []
  }
},
{
  "model": "auth.user",
  "pk": 4,
  "fields": {
    "password": "pbkdf2_sha256$600000$ps4r0Adr8XtoaDfeIPqDqt$UBbCtBoBBKEysle/8xHlClXugfLCbjnuIBKciEa6XSw=",
    "last_login": "2024-02-21T22:00:19.216Z",
    "is_superuser": true,
    "username": "Michael",
    "first_name": "Михаил",
    "last_name": "Флоря",
    "email": "mih2303@mail.ru",
    "is_staff": true,
    "is_active": true,
    "date_joined": "2024-02-21T15:54:18Z",
    "groups": [],
    "user_permissions": []
  }
},
{
  "model": "auth.user",
  "pk": 5,
  "fields": {
    "password": "pbkdf2_sha256$600000$lmwNntoZe4vnIdKVsKVMMB$4f4hJy3F+Vno5Jy4qZv5z+5gMrT9Y3zWFbvt4xQCu0Q=",
    "last_login": "2024-02-22T13:06:41.672Z",
    "is_superuser": false,
    "username": "Olga",
    "first_name": "Ольга",
    "last_name": "Залозная",
    "email": "olgaaa@gmail.com",
    "is_staff": false,
    "is_active": true,
    "date_joined": "2024-02-21T16:46:40.454Z",
    "groups": [],
    "user_permissions": []
  }
},
{
  "model": "auth.user",
  "pk": 6,
  "fields": {
    "password": "pbkdf2_sha256$600000$pFmq2LarNgbwNr3JF1qCyK$oSW45VS2kPP4rHaJbOQzHiC/vKMTBkvoZURn9dEAXSk=",
    "last_login": "2024-02-22T12:23:57.007Z",
    "is_superuser": false,
    "username": "Andrey",
    "first_name": "Андрей",
    "last_name": "Залозный",
    "email": "andr@mail.ru",
    "is_staff": false,
    "is_active": true,
    "date_joined": "2024-02-21T17:06:30.117Z",
    "groups": [],
    "user_permissions": []
  }
},
{
  "model": "contenttypes.contenttype",
  "pk": 1,
  "fields": {
    "app_label": "admin",
    "model": "logentry"
  }
},
{
  "model": "contenttypes.contenttype",
  "pk": 2,
  "fields": {
    "app_label": "auth",
    "model": "permission"
  }
},
{
  "model": "contenttypes.contenttype",
  "pk": 3,
  "fields": {
    "app_label": "auth",
    "model": "group"
  }
},
{
  "model": "contenttypes.contenttype",
  "pk": 4,
  "fields": {
    "app_label": "auth",
    "model": "user"
  }
},
{
  "model": "contenttypes.contenttype",
  "pk": 5,
  "fields": {
    "app_label": "contenttypes",
    "model": "contenttype"
  }
},
{
  "model": "contenttypes.contenttype",
  "pk": 6,
  "fields": {
    "app_label": "sessions",
    "model": "session"
  }
},
{
  "model": "contenttypes.contenttype",
  "pk": 7,
  "fields": {
    "app_label": "blog",
    "model": "category"
  }
},
{
  "model": "contenttypes.contenttype",
  "pk": 8,
  "fields": {
    "app_label": "blog",
    "model": "post"
  }
},
{
  "model": "contenttypes.contenttype",
  "pk": 9,
  "fields": {
    "app_label": "accounts",
    "model": "profile"
  }
},
{
  "model": "contenttypes.contenttype",
  "pk": 10,
  "fields": {
    "app_label": "blog",
    "model": "comment"
  }
},
{
  "model": "contenttypes.contenttype",
  "pk": 11,
  "fields": {
    "app_label": "taggit",
    "model": "tag"
  }
},
{
  "model": "contenttypes.contenttype",
  "pk": 12,
  "fields": {
    "app_label": "taggit",
    "model": "taggeditem"
  }
},
{
  "model": "contenttypes.contenttype",
  "pk": 13,
  "fields": {
    "app_label": "blog",
    "model": "rating"
  }
},
{
  "model": "sessions.session",
  "pk": "hj55uyqxb6zmd35qoh8a3s5vzp3iu27u",
  "fields": {
    "session_data": ".eJxVjDsOwjAQBe_iGll2_NulpOcMlj9rHEC2FCcV4u4QKQW0b2bei_mwrdVvgxY_Z3Zmkp1-txjSg9oO8j20W-ept3WZI98VftDBrz3T83K4fwc1jPqto7XoJqGdVAgQoiSK0WkjLBR0IglVHGZNkKkoYRBlyGZyRUsFGgSw9wfBdjbT:1rewDk:wgKaXOATjjLsljGfc6_sZoG6_hfAar3a-TZIrcuur2w",
    "expire_date": "2024-03-12T12:06:04.065Z"
  }
},
{
  "model": "sessions.session",
  "pk": "m57fmu13pzfk9c667yi5619wmc943bqc",
  "fields": {
    "session_data": ".eJxVjDsOwjAQBe_iGll2_NulpOcMlj9rHEC2FCcV4u4QKQW0b2bei_mwrdVvgxY_Z3Zmkp1-txjSg9oO8j20W-ept3WZI98VftDBrz3T83K4fwc1jPqto7XoJqGdVAgQoiSK0WkjLBR0IglVHGZNkKkoYRBlyGZyRUsFGgSw9wfBdjbT:1rd8qy:BEKkFetqwVtGIvrAgB7EdoSPu-hshp3oa0YvGLxTOhk",
    "expire_date": "2024-03-07T13:11:08.639Z"
  }
},
{
  "model": "blog.category",
  "pk": 1,
  "fields": {
    "title": "Новости",
    "slug": "novosti",
    "description": "В этой категории хранятся новости",
    "parent": null,
    "lft": 1,
    "rght": 14,
    "tree_id": 1,
    "level": 0
  }
},
{
  "model": "blog.category",
  "pk": 2,
  "fields": {
    "title": "Технологии",
    "slug": "tehnologii",
    "description": "Новости технологий",
    "parent": 1,
    "lft": 12,
    "rght": 13,
    "tree_id": 1,
    "level": 1
  }
},
{
  "model": "blog.category",
  "pk": 3,
  "fields": {
    "title": "Статьи",
    "slug": "stati",
    "description": "Категория статей",
    "parent": null,
    "lft": 1,
    "rght": 18,
    "tree_id": 2,
    "level": 0
  }
},
{
  "model": "blog.category",
  "pk": 4,
  "fields": {
    "title": "Python",
    "slug": "python",
    "description": "Статьи Python",
    "parent": 3,
    "lft": 16,
    "rght": 17,
    "tree_id": 2,
    "level": 1
  }
},
{
  "model": "blog.category",
  "pk": 5,
  "fields": {
    "title": "Django",
    "slug": "django",
    "description": "Статьи Django",
    "parent": 3,
    "lft": 8,
    "rght": 9,
    "tree_id": 2,
    "level": 1
  }
},
{
  "model": "blog.category",
  "pk": 6,
  "fields": {
    "title": "C",
    "slug": "c",
    "description": "Статьи C",
    "parent": 3,
    "lft": 2,
    "rght": 3,
    "tree_id": 2,
    "level": 1
  }
},
{
  "model": "blog.category",
  "pk": 7,
  "fields": {
    "title": "C++",
    "slug": "ci",
    "description": "Статьи C++",
    "parent": 3,
    "lft": 6,
    "rght": 7,
    "tree_id": 2,
    "level": 1
  }
},
{
  "model": "blog.category",
  "pk": 8,
  "fields": {
    "title": "Kotlin",
    "slug": "kotlin",
    "description": "Статьи Kotlin",
    "parent": 3,
    "lft": 14,
    "rght": 15,
    "tree_id": 2,
    "level": 1
  }
},
{
  "model": "blog.category",
  "pk": 9,
  "fields": {
    "title": "Культура",
    "slug": "kultura",
    "description": "Новости культуры",
    "parent": 1,
    "lft": 4,
    "rght": 5,
    "tree_id": 1,
    "level": 1
  }
},
{
  "model": "blog.category",
  "pk": 10,
  "fields": {
    "title": "Спорт",
    "slug": "sport",
    "description": "Новости спорта",
    "parent": 1,
    "lft": 10,
    "rght": 11,
    "tree_id": 1,
    "level": 1
  }
},
{
  "model": "blog.category",
  "pk": 11,
  "fields": {
    "title": "Java",
    "slug": "java",
    "description": "Статьи Java",
    "parent": 3,
    "lft": 10,
    "rght": 11,
    "tree_id": 2,
    "level": 1
  }
},
{
  "model": "blog.category",
  "pk": 12,
  "fields": {
    "title": "JavaScript",
    "slug": "javascript",
    "description": "Статьи JavaScript",
    "parent": 3,
    "lft": 12,
    "rght": 13,
    "tree_id": 2,
    "level": 1
  }
},
{
  "model": "blog.category",
  "pk": 13,
  "fields": {
    "title": "IT",
    "slug": "it",
    "description": "Новости IT",
    "parent": 1,
    "lft": 2,
    "rght": 3,
    "tree_id": 1,
    "level": 1
  }
},
{
  "model": "blog.category",
  "pk": 14,
  "fields": {
    "title": "Наука",
    "slug": "nauka",
    "description": "Новости науки",
    "parent": 1,
    "lft": 6,
    "rght": 7,
    "tree_id": 1,
    "level": 1
  }
},
{
  "model": "blog.category",
  "pk": 15,
  "fields": {
    "title": "Политика",
    "slug": "politika",
    "description": "Новости политики",
    "parent": 1,
    "lft": 8,
    "rght": 9,
    "tree_id": 1,
    "level": 1
  }
},
{
  "model": "blog.category",
  "pk": 17,
  "fields": {
    "title": "C#",
    "slug": "c-sharp",
    "description": "Статьи C#",
    "parent": 3,
    "lft": 4,
    "rght": 5,
    "tree_id": 2,
    "level": 1
  }
},
{
  "model": "blog.post",
  "pk": 1,
  "fields": {
    "title": "Python 3.12 - Что нового?",
    "slug": "python-312-chto-novogo",
    "description": "Версия Python 3.12 будет включать в себя несколько улучшений и изменений в языке. Модуль distutils был помечен как устаревший и будет удалён в выпуске Python 3.12. Вместо этого рекомендуемым модулем для управления пакетами станет setuptools. Кроме того, элементы str и str_length будут удалены из Unicode.",
    "text": "Понятно, что в течение года никто не сидел сложа руки — в новой версии появилось много нового и интересного. Вот список наиболее заметных изменений:\r\n\r\nУлучшена эффективность использования ресурсов многоядерных систем за счет добавления поддержки изолированных субинтерпретаторов и отдельных глобальных блокировок (GIL, Global Interpreter Lock) для разных интерпретаторов внутри процесса (CPython позволяет в одном процессе выполнять запуск сразу несколько интерпретаторов). Правда, сейчас эта новинка доступна посредством C-API, а поддержка Python API будет добавлена в следующей ветке.\r\nТакже добавлена поддержка подсистемы ядра Linux perf в интерпретаторе. Она дает возможность определять имена Python-функций при профилировании при помощи утилиты perf (ранее в трассировках определялись только имена Си-функций).\r\nЕще одно важное изменение — повышение информативности сообщений об ошибках. Кроме того, теперь спектр исключений с рекомендациями по устранению опечаток расширен.\r\n\r\nТакже продолжается активная работа по оптимизации производительности. Она понемногу движется и есть первые результаты — согласно анонсу производительность стала на 5% выше. Не бог весть что, но тоже неплохо. Повышения удалось добиться благодаря:\r\nДобавлении поддержки бинарного оптимизатора BOLT, который и повышает производительность на 1-5%.\r\nДобавлено inline-развёртывание списковых включений (comprehensions). Это нововведение дало возможность ускорить работу со списковыми включениями.\r\nРазмер Unicode-объектов снизили на 8-16 байт.\r\nУвеличена скорсть операций с регулярными выражениями re.sub(), re.subn() и re.Pattern.\r\nУскорено выполнение проверок isinstance() для некоторых протоколов — от 2 до 20 раз.\r\nТакже ускорены функции tokenize.tokenize() и tokenize.generate_tokens().",
    "category": 4,
    "thumbnail": "images/thumbnails/2024/02/19/img_636a12f3c16df.jpg",
    "status": "published",
    "create": "2024-02-19T17:00:31Z",
    "author": 1,
    "updater": null,
    "fixed": false
  }
},
{
  "model": "blog.post",
  "pk": 2,
  "fields": {
    "title": "Обновленная первая тестовая статья",
    "slug": "obnovlennaya-pervaya-testovaya-statya",
    "description": "Краткое описание первой тестовой статьи.",
    "text": "Полный текст первой тестовой статьи.",
    "category": 5,
    "thumbnail": "images/thumbnails/2024/02/19/852107409_92564.jpg",
    "status": "published",
    "create": "2024-02-19T17:42:18Z",
    "author": 1,
    "updater": null,
    "fixed": false
  }
},
{
  "model": "blog.post",
  "pk": 4,
  "fields": {
    "title": "Никита Кологривый сыграет в фильме Жириновского",
    "slug": "nikita-kologrivyij-syigraet-v-filme-zhirinovskogo",
    "description": "Актер Никита Кологривый, известный по роли Кащея в сериале «Слово пацана: Кровь на асфальте», сыграет Владимира Жириновского в фильме о жизни политика.",
    "text": "При всем уважении к Кологривому, этот актер достаточно молодой человек. Учитывая, что Владимир Вольфович начал свою политическую карьеру в возрасте за 40 лет – это будет немного странно выглядеть. Какие-то эпизоды в Алма-Ате или в службы в армии Кологривый сможет сыграть. Но всем зрителям, наверное, интересно восхождение Жириновского, как политика. Подчеркну, когда ему было за 40. Тот же политик Павел Пятницкий, мне кажется, больше похож на Жириновского, именно на старте политической карьеры в 40-45 лет. Просто партия решила с ним инфоповод подхватить.\r\n\r\nУ этого актера была эпизодическая роль руководителя преступной группировки в «Слове пацана». Возьмем, например Льва Борисова и «Бандитский Петербург»: несмотря на то, что картина посредственная, многие зрители до сих пор вспоминают в ней Борисова за его роль руководителя преступного мира Петербурга – после того как актер сыграл вора в законе Виктора Говорова по кличке «Антибиотик». Тому же Сергею Безрукову широкую известность принесла роль Саши Белого, тоже как к руководителю преступной группировки.\r\n\r\nВ свою очередь, депутат Госдумы от ЛДПР Ярослав Нилов, комментируя, кто бы мог исполнить роль Жириновского, отметил, что это дело режиссера и сценариста. По его словам, он не хочет «дилетантски оценивать, кто на какую роль подходит». При этом парламентарий добавил, что уже встречался с режиссером-постановщиком.",
    "category": 9,
    "thumbnail": "images/thumbnails/2024/02/20/scale_1200.jpg",
    "status": "published",
    "create": "2024-02-19T22:12:38Z",
    "author": 2,
    "updater": null,
    "fixed": false
  }
},
{
  "model": "blog.post",
  "pk": 5,
  "fields": {
    "title": "Язык C",
    "slug": "yazyik-c",
    "description": "Язык программирования общего назначения со статической типизацией, который относится к компилируемым языкам.",
    "text": "Язык программирования Си разрабатывался в период с 1969 по 1973 годы в лабораториях Bell Labs, и к 1973 году на этот язык была переписана большая часть ядра UNIX, первоначально написанного на ассемблере PDP-11/20. Название языка стало логическим продолжением старого языка «Би»[a], многие особенности которого были положены в основу.\r\n\r\nПо мере развития язык сначала стандартизировали как ANSI C, а затем этот стандарт был принят комитетом по международной стандартизации ISO как ISO C, ставший также известным под названием C90. В стандарте С99 язык получил новые возможности, такие как массивы переменной длины и встраиваемые функции. А в стандарте C11 в язык добавили реализацию потоков и поддержку атомарных типов. Однако с тех пор язык развивается медленно, и в стандарт C18 попали лишь исправления ошибок стандарта C11.\r\n\r\nЯзык Си разрабатывался как язык системного программирования, для которого можно создать однопроходный компилятор. Стандартная библиотека также невелика. Как следствие данных факторов — компиляторы разрабатываются сравнительно легко. Поэтому данный язык доступен на самых различных платформах. К тому же, несмотря на свою низкоуровневую природу, язык ориентирован на переносимость. Программы, соответствующие стандарту языка, могут компилироваться под различные архитектуры компьютеров.\r\n\r\nЦелью языка было облегчение написания больших программ с минимизацией ошибок по сравнению с ассемблером, следуя принципам процедурного программирования, но избегая всего, что может привести к дополнительным накладным расходам, специфичным для языков высокого уровня.",
    "category": 6,
    "thumbnail": "images/thumbnails/2024/02/20/a4c65129447835.55f328bb4cb9b.jpg",
    "status": "published",
    "create": "2024-02-20T10:48:47Z",
    "author": 1,
    "updater": 1,
    "fixed": false
  }
},
{
  "model": "blog.post",
  "pk": 7,
  "fields": {
    "title": "С++",
    "slug": "s-cebf0657",
    "description": "Язык программирования общего назначения, созданный Бьярне Страуструпом как расширение языка программирования C, или \"C с классами\". Со временем язык значительно расширился, и современный C++ теперь обладает объектно-ориентированными, универсальными и функциональными функциями в дополнение к средствам низкоуровневого манипулирования памятью.",
    "text": "Язык возник в начале 1980-х годов, когда сотрудник фирмы Bell Labs Бьёрн Страуструп придумал ряд усовершенствований к языку C под собственные нужды. Когда в конце 1970-х годов Страуструп начал работать в Bell Labs над задачами теории очередей (в приложении к моделированию телефонных вызовов), он обнаружил, что попытки применения существовавших в то время языков моделирования оказались неэффективными, а применение высокоэффективных машинных языков слишком сложно из-за их ограниченной выразительности. Так, язык Симула имеет такие возможности, которые были бы очень полезны для разработки большого программного обеспечения, но работает слишком медленно, а язык BCPL достаточно быстр, но слишком близок к языкам низкого уровня и не подходит для разработки большого программного обеспечения.\r\n\r\nВспомнив опыт своей диссертации, Страуструп решил дополнить язык C (преемник BCPL) возможностями, имевшимися в языке Симула. Язык C, будучи базовым языком системы UNIX, на которой работали компьютеры Bell, является быстрым, многофункциональным и переносимым. Страуструп добавил к нему возможность работы с классами и объектами. В результате практические задачи моделирования оказались доступными для решения как с точки зрения времени разработки (благодаря использованию Симула-подобных классов), так и с точки зрения времени вычислений (благодаря быстродействию C). В первую очередь в C были добавлены классы (с инкапсуляцией), наследование классов, строгая проверка типов, inline-функции и аргументы по умолчанию. Ранние версии языка, первоначально именовавшегося «C with classes» («Си с классами»), стали доступны с 1980 года.\r\n\r\nРазрабатывая C с классами, Страуструп написал программу cfront — транслятор, перерабатывающий исходный код C с классами в исходный код простого C. Это позволило работать над новым языком и использовать его на практике, применяя уже имевшуюся в UNIX инфраструктуру для разработки на C. Новый язык, неожиданно для автора, приобрёл большую популярность среди коллег и вскоре Страуструп уже не мог лично поддерживать его, отвечая на тысячи вопросов.\r\n\r\nК 1983 году в язык были добавлены новые возможности, такие как виртуальные функции, перегрузка функций и операторов, ссылки, константы, пользовательский контроль над управлением свободной памятью, улучшенная проверка типов и новый стиль комментариев (//). Получившийся язык уже перестал быть просто дополненной версией классического C и был переименован из C с классами в «C++». Его первый коммерческий выпуск состоялся в октябре 1985 года.\r\n\r\nДо начала официальной стандартизации язык развивался в основном силами Страуструпа в ответ на запросы программистского сообщества. Функцию стандартных описаний языка выполняли написанные Страуструпом печатные работы по C++ (описание языка, справочное руководство и так далее). Лишь в 1998 году был ратифицирован международный стандарт языка C++: ISO/IEC 14882:1998 «Standard for the C++ Programming Language»; после принятия технических исправлений к стандарту в 2003 году — следующая версия этого стандарта — ISO/IEC 14882:2003.",
    "category": 7,
    "thumbnail": "images/thumbnails/2024/02/20/896bc8b0d5a5d3828bc33c3e82dfa8b7_ypvccaG.jpg",
    "status": "published",
    "create": "2024-02-20T10:58:52Z",
    "author": 1,
    "updater": null,
    "fixed": false
  }
},
{
  "model": "blog.post",
  "pk": 8,
  "fields": {
    "title": "Фреймворк Django",
    "slug": "frejmvork-django-18f1f44e",
    "description": "Высокоуровневый Python веб-фреймворк, который позволяет быстро создавать безопасные и поддерживаемые веб-сайты. Созданный опытными разработчиками, Django берёт на себя большую часть хлопот веб-разработки, поэтому вы можете сосредоточиться на написании своего веб-приложения без необходимости изобретать велосипед.",
    "text": "Django — это фреймворк, то есть набор готовых инструментов и функций. С его помощью можно быстрее и проще реализовывать на Python сайты и приложения, которые работают в браузере. \r\n\r\nКонечно, можно создать веб-сервис на Python и без Django, но тогда очень многое придется писать и настраивать с нуля самостоятельно. Если использовать программирование на Django, можно сосредоточиться только на уникальных функциях веб-сервиса. Вот основные возможности, которые даёт этот фреймворк:\r\n\r\n●\tНастроенный веб-сервер, который будет обрабатывать запросы от пользователей к веб-сервису.\r\n●\tГотовые механизмы для авторизации пользователей.\r\n●\tПростые шаблоны веб-страниц.\r\n●\tАдминистративный интерфейс для управления контентом сервиса — наполнения, изменения, обновления используемых данных.\r\n●\tСистема кэширования для увеличения скорости загрузки и открытия страниц через браузеры, внешние клиенты или приложения.\r\n●\tИнтерфейсы и адаптеры для подключения к различным типам баз данных.\r\n\r\nС помощью Django framework можно очень быстро, как из конструктора, настроить и запустить работающий веб-сервис — а потом программировать только специфичные функции и бизнес-логику.",
    "category": 5,
    "thumbnail": "images/thumbnails/2024/02/20/uYbFx92Ex00.jpg",
    "status": "published",
    "create": "2024-02-20T12:15:54.991Z",
    "author": 1,
    "updater": null,
    "fixed": false
  }
},
{
  "model": "blog.post",
  "pk": 9,
  "fields": {
    "title": "Месси в МЛС",
    "slug": "messi-v-mls-cf183301",
    "description": "Комиссионер МЛС о Месси: «Присутствие, возможно, лучшего игрока в истории показывает, как МЛС продвинулась за эти годы. Подписать Суареса и ребят, с которыми Лео играл столько лет, очень здорово»",
    "text": "Комиссионер МЛС Дон Гарбер считает, что Лионель Месси повышает престиж лиги.\r\n\r\n«Важно напоминать себе и всем остальным, что присутствие в нашей лиге, возможно, лучшего игрока всех времен показывает, где находится и как далеко продвинулась МЛС за эти годы. И я не думаю, что «Майами» остановится.\r\n\r\nПодписать Луиса Суареса и собрать компанию ребят, с которыми Лео играл столько лет, по-моему, очень здорово. И я думаю, что во второй год мы увидим еще больше энергии и еще больше внимания.\r\n\r\nНо лига уже много-много лет подписывает действительно известных иностранных игроков, и мы собираемся продолжать в том же духе. Но самое главное – мы будем уделять как можно больше внимания не только ведущим игрокам, которые привлекут к нам внимание всего мира, но и молодым футболистам как здесь, в США, так и за рубежом.\r\n\r\nИ, пожалуй, впервые я думаю о том, как некоторые молодые таланты, особенно из Южной Америки, выбирают МЛС. Мне приводили статистику: 15 игроков олимпийского отбора в Южной Америке играют в МЛС, и я думаю, что наши команды будут все больше и больше уделять внимание подписанию молодых игроков. И в то же время подписывать таких парней, как [Уго] Льорис, [Эмиль] Форсберг, и других игроков, которые, по нашему мнению, могут дополнить нашу лигу», – сказал комиссионер МЛС Дон Гарбер.",
    "category": 10,
    "thumbnail": "images/thumbnails/2024/02/20/0f3c96f707591c686db3d904287a64c9.jpg",
    "status": "published",
    "create": "2024-02-20T12:35:44Z",
    "author": 3,
    "updater": null,
    "fixed": false
  }
},
{
  "model": "blog.post",
  "pk": 10,
  "fields": {
    "title": "Космические зеркала, имитация извержений, одеяло для ледников и другие способы борьбы с глобальным потеплением",
    "slug": "kosmicheskie-zerkala-imitatsiya-izverzhenij-odeyalo-dlya-lednikov-i-drugie-sposobyi-borbyi-s-globalnyim-potepleniem",
    "description": "В 1896 году шведский ученый Сванте Аррениус, изучавший механизмы возникновения на Земле ледниковых периодов, впервые оценил то, как содержание углекислого газа в атмосфере планеты влияет на климат.",
    "text": "О существовании парниковых газов было известно и до того. Так, в 1827 году Жозеф Фурье первым предположил, что земная атмосфера способна удерживать тепло, и выдвинул гипотезу, что деятельность человека влияет на эту способность. Соотечественник Фурье физик Клод Пуйе определил, что парниковыми газами являются углекислый газ и водяной пар. Американка Юнис Ньютон Фут, видимо, первой доказала эту идею экспериментально, но общепризнанными парниковые газы сделал Джон Тиндаль, который исследовал поглощение тепла углекислым газом, метаном и водяным паром.\r\n\r\nВ 1890 году американский астроном и физик Сэмюэл Лэнгли совместно с Фрэнком Вери провел в питтсбургской обсерватории Аллегейни наблюдали луну в инфракрасном спектре. Эту работу Аррениус использовал в качестве основ для того, чтобы рассчитать, сколько инфракрасного излучения поглощается углекислым газом и водяным паром в атмосфере Земли. Хотя оценка получилось не очень точной, но физик впервые достоверно установил, что деятельность человека и связанные с ней выбросы углекислого газа влияют на климат на планете, приводя к глобальному потеплению.\r\n\r\nВ книге 1908 года «Миры в процессе становления: Эволюция Вселенной» Аррениус предполагал, что парниковый эффект не только предотвратит наступление нового ледникового периода, но и сделает климат на планете более теплым. А значит, на больших площадях улучшатся условия для сельского хозяйства, что в перспективе позволит прокормить растущее население Земли. На оптимистичные выводы ученого, по всей видимости, повлияло то, что на начало ХХ века человечество не производило столько выбросов, чтобы изменение климата приняло угрожающий характер.\r\n\r\nРазумеется, наличие парниковых газов в атмосфере — благо для нас. Без них средняя температура на Земле опустилась бы до –18 градусов вместо нынешних +15. Однако теперь очевидно, что все обернулось хуже, чем предполагал Аррениус. С начала промышленной революции человечество увеличило концентрацию углекислого газа в атмосфере на 50 %. К нему добавляются метан и другие углеводороды, закись азота, а также другие химические вещества. Что делает с планетами парниковый эффект сверх меры, мы можем видеть на примере Венеры — средняя температура на ней составляет +462 градуса, это самая жаркая планета в Солнечной системе.\r\n\r\nДеревья известны тем, что перерабатывают углекислый газ в кислород. Но вот срубленные или поваленные, а также отходы деревообработки — наоборот, выделяют массу углекислого газа. Это проблемой озаботился стартап Kodama из США. Дело в том, что после разрушительных лесных пожаров власти сразу нескольких штатов провели массовые работы по удалению поваленных деревьев, зарослей кустарников и другого растительного «мусора», чтобы предотвратить в будущем быстрое распространение пожаров.\r\n\r\nЧтобы предотвратить попадание углекислого газа в атмосферу, Kodama предлагает захоранивать отходы так, чтобы вода и кислород из них выходили свободно, а парниковый газ — нет. Сходные технологии разрабатывают австралийская InterEarth и американская Carbon Lockdown Project. Впрочем, специалисты пока настроены настороженно. Например, необходимо подсчитать суммарные выбросы углекислого газа, которые произведут работы по вырубке и транспортировки древесины к месту захоронения. Может оказаться, что они нивелируют положительный эффект.\r\n\r\nЕще один (довольно внезапный) источник парниковых газов — тела усопших. Так, погребальная индустрия США ежегодно потребляет множество древесины и химических веществ для бальзамирования. Уход за телами, сохраняющий их от разложения, мешает тканям организма распадаться на органические вещества в земле. С другой стороны, кремация не только потребляет ископаемое топливо, но и выбрасывает углекислый газ в атмосферу.\r\n\r\nИсходя из этого, стартапы предлагают более экологичные способы погребения. Например, нидерландская Loop Living Cocoon изготавливает экологичные грибные гробы. Они разлагаются сами за 45 дней, чтобы тело побыстрее оказалось в окружении перерабатывающих организмов. Еще один вариант — террамация, или превращение тела в компост. За несколько недель из усопшего делают питательную смесь, в которую, например, можно посадить деревце. Хотя тренд набирает популярность, новые способы захоронения все еще остаются малопопулярными, в первую очередь, из-за религиозных и этических убеждений.",
    "category": 2,
    "thumbnail": "images/thumbnails/2024/02/20/2018-01-26-lava-1.jpg",
    "status": "published",
    "create": "2024-02-20T12:38:04Z",
    "author": 2,
    "updater": null,
    "fixed": false
  }
},
{
  "model": "blog.post",
  "pk": 11,
  "fields": {
    "title": "Ученые из Калифорнийского технологического института передали на Землю солнечную энергию из космоса",
    "slug": "uchenyie-iz-kalifornijskogo-tehnologicheskogo-instituta-peredali-na-zemlyu-solnechnuyu-energiyu-iz-kosmosa",
    "description": "В рамках миссии Space Solar Power Demonstration, в которой принимают участие Space Solar Power Project, Indie Semiconductor Inc., Лабораториz реактивного движения NASA, Amazon Web Services и GuRu Wireless, при помощи кубсата Microwave Array for Power-transfer Low-orbit Experiment была не только накоплена солнечная энергия, но и передана на Землю.",
    "text": "Кубсат принимал солнечную энергию, собранную фотоэлементами, а затем преобразовывал ее в радиочастотную. После этого синтезировал луч радиочастотной энергии и передавал его на Землю. Аппаратура для приема и преобразования сигнала в постоянный ток размещена на крыше лаборатории в университете.\r\n\r\nНесмотря на то, что устройство улавливает в космосе от 175 до 251 мВт за раз, а до наземной станции доходит лишь 1 мВт энергии, ученые считают это успехом и планируют активно развивать проект.",
    "category": 2,
    "thumbnail": "images/thumbnails/2024/02/20/hero-image-768x432.jpg",
    "status": "published",
    "create": "2024-02-20T12:41:13Z",
    "author": 3,
    "updater": null,
    "fixed": false
  }
},
{
  "model": "blog.post",
  "pk": 12,
  "fields": {
    "title": "О Java языке",
    "slug": "o-java-yazyike-93ee5889",
    "description": "Язык программирования и платформу вычислений, которая была впервые выпущена компанией Sun Microsystems в 1995 г. Технология эволюционировала из скромной разработки до инструмента, который играет серьезную роль в современном цифровом мире, предоставляя надежную платформу для множества сервисов и приложений. Инновационные продукты и цифровые услуги, разрабатываемые для будущего, также будут создаваться на основе Java.",
    "text": "Изначально язык назывался Oak («Дуб»), разрабатывался Джеймсом Гослингом для программирования бытовых электронных устройств. Из-за того, что язык с таким названием уже существовал, Oak был переименован в Java[5]. Назван в честь марки кофе Java, которая, в свою очередь, получила наименование одноимённого острова (Ява), поэтому на официальной эмблеме языка изображена чашка с горячим кофе. Существует и другая версия происхождения названия языка, связанная с аллюзией на кофемашину как пример бытового устройства, для программирования которого изначально язык создавался. В соответствии с этимологией в русскоязычной литературе с конца двадцатого и до первых лет двадцать первого века название языка нередко переводилось как Ява, а не транскрибировалось.\r\n\r\nВ результате работы проекта мир увидел принципиально новое устройство, карманный персональный компьютер Star7, который опередил своё время более чем на 10 лет, но из-за большой стоимости в 50 долларов не смог произвести переворот в мире технологии и был забыт.\r\n\r\nУстройство Star7 не пользовалось популярностью, в отличие от языка программирования Java и его окружения. Следующим этапом жизни языка стала разработка интерактивного телевидения. В 1994 году стало очевидным, что интерактивное телевидение было ошибкой.\r\n\r\nС середины 1990-х годов язык стал широко использоваться для написания клиентских приложений и серверного программного обеспечения. Тогда же определённое распространение получила технология Java-апплетов — графических Java-приложений, встраиваемых в веб-страницы; с развитием возможностей динамических веб-страниц в 2000-е годы технология стала применяться редко.\r\n\r\nВ веб-разработке применяется Spring Framework; для документирования используется утилита Javadoc.\r\n\r\nПрограммы на Java транслируются в байт-код Java, выполняемый виртуальной машиной Java (JVM) — программой, обрабатывающей байтовый код и передающей инструкции оборудованию как интерпретатор.\r\n\r\nДостоинством подобного способа выполнения программ является полная независимость байт-кода от операционной системы и оборудования, что позволяет выполнять Java-приложения на любом устройстве, для которого существует соответствующая виртуальная машина. Другой важной особенностью технологии Java является гибкая система безопасности, в рамках которой исполнение программы полностью контролируется виртуальной машиной. Любые операции, которые превышают установленные полномочия программы (например, попытка несанкционированного доступа к данным или соединения с другим компьютером), вызывают немедленное прерывание.",
    "category": 11,
    "thumbnail": "images/thumbnails/2024/02/21/Kak-ustanovit-Java-s-apt-na-Ubuntu-18.04.jpg",
    "status": "published",
    "create": "2024-02-21T16:51:33.053Z",
    "author": 4,
    "updater": null,
    "fixed": false
  }
},
{
  "model": "blog.post",
  "pk": 13,
  "fields": {
    "title": "JavaScript...",
    "slug": "javascript-cc79d23a",
    "description": "JavaScript — мультипарадигменный язык программирования. Поддерживает объектно-ориентированный, императивный и функциональный стили. Является реализацией спецификации ECMAScript (стандарт ECMA-262).",
    "text": "В статье «The World’s Most Misunderstood Programming Language Has Become the World’s Most Popular Programming Language»[30] (с англ. — «Самый неправильно понятый язык программирования в мире стал самым популярным в мире языком программирования») Дуглас Крокфорд утверждает, что лидирующую позицию JavaScript занял в связи с развитием AJAX, поскольку браузер стал превалирующей системой доставки приложений. Он также констатирует растущую популярность JavaScript, то, что этот язык встраивается в приложения, отмечает значимость языка.\r\n\r\nСогласно TIOBE Index, базирующемуся на данных поисковых систем Google, MSN, Yahoo!, Википедия и YouTube, в ноябре 2023 года JavaScript находился на 6-м месте (год назад — на 7-м)[31].\r\n\r\nПо данным Black Duck Software[en][32], в разработке открытого программного обеспечения доля использования JavaScript росла. 36 % проектов, выпуски которых состоялись с августа 2008 по август 2009 года, включают JavaScript, наиболее часто используемый язык программирования с быстрорастущей популярностью. 80 % открытого программного обеспечения использует Си, C++, Java, Shell и JavaScript. При этом JavaScript — единственный из этих языков, чья доля использования увеличилась (более чем на 2 процента, если считать в строках кода)[33].\r\n\r\nJavaScript является самым популярным языком программирования, используемым для разработки веб-приложений на стороне клиента[en][34][35].\r\n\r\nJavaScript является объектно-ориентированным языком, но используемое в языке прототипирование[36][37] обуславливает отличия в работе с объектами по сравнению с традиционными класс-ориентированными языками. Кроме того, JavaScript имеет ряд свойств, присущих функциональным языкам — функции как объекты первого класса, объекты как списки, карринг, анонимные функции, замыкания[38] — что придаёт языку дополнительную гибкость.",
    "category": 12,
    "thumbnail": "images/thumbnails/2024/02/21/93a14a817aba78c219b6421198863989.png",
    "status": "published",
    "create": "2024-02-21T16:54:11.729Z",
    "author": 4,
    "updater": null,
    "fixed": false
  }
},
{
  "model": "blog.post",
  "pk": 15,
  "fields": {
    "title": "Мбаппе дал согласие на переход",
    "slug": "mbappe-dal-soglasie-na-perehod-a8910a68",
    "description": "В начале января состоялась встреча между мадридским «Реалом» и нападающим «ПСЖ» Килианом Мбаппе, где футболист дал своё согласие на переход в испанский клуб, сообщает Footmercato. В начале января состоялась встреча между мадридским «Реалом» и нападающим «ПСЖ» Килианом Мбаппе, где футболист дал своё согласие на переход в испанский клуб, сообщает Footmercato.",
    "text": "Ранее сообщалось, что 25-летний Килиан Мбаппе согласовывает последние детали контракта с мадридским «Реалом». Соглашение вступит в силу 1 июля 2024 года. Руководство «сливочных» хочет завершить подписание контракта с Мбаппе в ближайшие недели, но объявит о его переходе только после завершения сезона.\r\n\r\nМбаппе выступает за «ПСЖ» с 2017 года. 25-летний футболист выиграл с парижанами 13 трофеев. В этом сезоне форвард провёл 31 матч во всех турнирах, в которых отметился 32 голами и семью результативными передачами. Контракт игрока с французским клубом действует до конца июня этого года. Ориентировочная стоимость футболиста, по данным интернет-портала Transfermarkt, – € 180 млн.",
    "category": 10,
    "thumbnail": "images/thumbnails/2024/02/21/c8bb17e87d21fbc893cb779e4cbef71d.jpg",
    "status": "published",
    "create": "2024-02-21T16:56:56Z",
    "author": 4,
    "updater": null,
    "fixed": false
  }
},
{
  "model": "blog.post",
  "pk": 16,
  "fields": {
    "title": "Что такое GitHub и как им пользоваться",
    "slug": "chto-takoe-github-i-kak-im-polzovatsya",
    "description": "GitHub — это облачная платформа для хостинга IT-проектов и совместной разработки, под капотом которой находится популярная система контроля версий Git, а также полноценная социальная сеть для разработчиков.",
    "text": "Здесь можно найти кучу open-source-проектов на разных языках и поучаствовать в них, разместить своё портфолио с примерами кода, чтобы приложить ссылку к резюме, подглядывать в открытых проектах интересные архитектурные решения, смотреть, как опытные разработчики пишут код, и скачивать огромное количество полезных в разработке и бесплатных инструментов для разработки. Кстати, некоторые умельцы умудряются собирать в GitHub целые библиотеки — книг и статей, а не программистские либы :)\r\n\r\nИ да, если вы недовольны какими-то фичами в любимой открытой программе и она выложена на GitHub, вы всегда можете прийти и поругаться в комментариях к проекту :) А лучше всего — оформить issue (мы расскажем, что это) и самостоятельно пофиксить проблему на радость всем пользователям. Не забывайте и благодарить авторов классных открытых проектов — донатами и просто тёплыми словами. Им будет очень приятно.\r\n\r\nПридя практически в любую IT-компанию, вы столкнётесь с тем, что код где-то хранится — и в подавляющем большинстве случаев этим «где-то» будет именно GitHub. У GitHub есть довольно известный конкурент — GitLab, он тоже основан на Git, но это разные платформы разных компаний, хотя их функциональность очень похожа.\r\n\r\nНу как, звучит круто? Тогда приступайте к нашему гайду о том, как пользоваться GitHub, чтобы во всём разобраться и вообще понять, нужен ли он вам прямо сейчас.",
    "category": 13,
    "thumbnail": "images/thumbnails/2024/02/21/af88e5d5a07c6881514429f8f8701935.png",
    "status": "published",
    "create": "2024-02-21T17:41:15Z",
    "author": 6,
    "updater": null,
    "fixed": false
  }
},
{
  "model": "blog.post",
  "pk": 17,
  "fields": {
    "title": "Общая информация о Stepik",
    "slug": "obschaya-informatsiya-o-stepik-cf6e427e",
    "description": "Stepik — российская образовательная платформа и конструктор бесплатных и платных открытых онлайн-курсов и уроков.",
    "text": "Первые образовательные материалы были выпущены на Stepik 3 сентября 2013 года.\r\n\r\nВ январе 2016 года Stepik выпустил мобильные приложения под iOS и Android. В 2017 году разработаны мобильные приложения для изучения ПДД в адаптивном режиме (при подборе заданий под уровень знаний) для iOS и Android.\r\n\r\nНа октябрь 2020 года на платформе зарегистрировано 5 миллионов пользователей.\r\n\r\nStepik позволяет любому зарегистрированному пользователю создавать интерактивные обучающие уроки и онлайн-курсы, используя видео, тексты и разнообразные задачи с автоматической проверкой и моментальной обратной связью.\r\n\r\nПроект сотрудничает как с образовательными учреждениями, так и c индивидуальными преподавателями и авторами. Сегодня на Stepik представлены онлайн-курсы от образовательных организаций (Института биоинформатики, Computer Science Center, Академии Яндекса, БФУ Канта, НИУ ВШЭ, Европейского университета, Самарского университета, Томского государственного университета, Томского политехнического университета и других учебных заведений), компаний (JetBrains, VK Team, СКБ Контур, Samsung и других), а также индивидуальных авторов.\r\n\r\nСистема автоматизированной проверки задач Stepik была использована в ряде курсов на платформе Coursera, включая курсы по биоинформатике от Калифорнийского университета в Сан-Диего и курс по анализу данных от НИУ «Высшая школа экономики».\r\n\r\nТакже платформа может функционировать как площадка для проведения конкурсов и олимпиад, среди проведённых мероприятий — отборочный этап Олимпиады НТИ (2016—2020) (всероссийской инженерной олимпиады школьников, в рамках программы Национальная технологическая инициатива), онлайн-этап акции Тотальный диктант в 2017 году, соревнования по информационной безопасности StepCTF-2015.",
    "category": 13,
    "thumbnail": "images/thumbnails/2024/02/21/stepik_logotype_black.png",
    "status": "published",
    "create": "2024-02-21T17:43:50.738Z",
    "author": 6,
    "updater": null,
    "fixed": false
  }
},
{
  "model": "blog.post",
  "pk": 18,
  "fields": {
    "title": "Немного о C#",
    "slug": "nemnogo-o-c-c17148aa",
    "description": "Современный объектно-ориентированный и типобезопасный язык программирования. C# позволяет разработчикам создавать разные типы безопасных и надежных приложений, выполняющихся в .NET. C# относится к широко известному семейству языков C, и покажется хорошо знакомым любому, кто работал с C, C++, Java или JavaScript.",
    "text": "С#‎ разрабатывался как язык программирования прикладного уровня для CLR и, как таковой, зависит, прежде всего, от возможностей самой CLR. Это касается, прежде всего, системы типов С#‎, которая отражает BCL. Присутствие или отсутствие тех или иных выразительных особенностей языка диктуется тем, может ли конкретная языковая особенность быть транслирована в соответствующие конструкции CLR. Так, с развитием CLR от версии 1.1 к 2.0 значительно обогатился и сам C#; подобного взаимодействия следует ожидать и в дальнейшем (однако, эта закономерность была нарушена с выходом C# 3.0, представляющего собой расширения языка, не опирающиеся на расширения платформы .NET). CLR предоставляет С#‎, как и всем другим .NET-ориентированным языкам, многие возможности, которых лишены «классические» языки программирования. Например, сборка мусора не реализована в самом C#‎, а производится CLR для программ, написанных на C#, точно так же, как это делается для программ на VB.NET, J# и др.\r\n\r\nНазвание «Си шарп» (от англ. sharp — диез) происходит от буквенной музыкальной нотации, где латинской букве C соответствует нота До, а знак диез (англ. sharp) означает повышение соответствующего ноте звука на полутон[7], что аналогично названию языка C++, где «++» обозначает инкремент переменной. Название также является игрой с цепочкой C → C++ → C++++(C#), так как символ «#» можно представить состоящим из 4 знаков «+»[8].\r\n\r\nИз-за технических ограничений на отображение (стандартные шрифты, браузеры и т. д.), а также из-за того, что знак диеза ♯ не представлен на стандартной клавиатуре компьютера, при записи имени языка программирования используют знак решётки (#)[9]. Это соглашение отражено в Спецификации языка C# ECMA-334[10]. Тем не менее, на практике (например, при размещении рекламы и коробочном дизайне[11]), «Майкрософт» использует знак диеза.\r\n\r\nНазвания языков программирования не принято переводить, поэтому язык называют, используя транскрипцию, — «Си шарп».",
    "category": 17,
    "thumbnail": "images/thumbnails/2024/02/21/t_i0hHnbiZ-I6RGcSvADlCM4rdSLWSiXQtoPAICHyL76sV1g6pl3tx3QPOb_P3Zn3CP.jpg",
    "status": "published",
    "create": "2024-02-21T17:46:50.214Z",
    "author": 1,
    "updater": null,
    "fixed": false
  }
},
{
  "model": "blog.post",
  "pk": 19,
  "fields": {
    "title": "Россия призвала суд ООН дать оценку израильской оккупации Палестины",
    "slug": "rossiya-prizvala-sud-oon-dat-otsenku-izrailskoj-okkupatsii-palestinyi-db9f994d",
    "description": "Россия призывает Международный суд ООН дать юридическую оценку израильской оккупации Палестины. Об этом говорится в сообщении, опубликованном на официальном сайте МИД РФ.",
    "text": "«Строительство Израилем новых поселений на Западном берегу реки Иордан продолжается рекордными темпами, несмотря на солидарное признание незаконности такой деятельности Советом Безопасности и Генеральной Ассамблеей ООН. Российская сторона призывает суд дать надлежащую юридическую оценку данной трагической ситуации», — указали в ведомстве.\r\n\r\nРанее глава МИД России Сергей Лавров заявил, что действия Запада по урегулированию конфликта в Газе без прямого диалога Израиля и Палестины не дадут никакого результата.",
    "category": 15,
    "thumbnail": "images/thumbnails/2024/02/21/4503599653375715_f45a.jpg",
    "status": "published",
    "create": "2024-02-21T17:49:08.674Z",
    "author": 1,
    "updater": null,
    "fixed": false
  }
},
{
  "model": "blog.comment",
  "pk": 1,
  "fields": {
    "post": 15,
    "author": 6,
    "content": "Ну наконец-то, с 2020 ждал перехода",
    "time_create": "2024-02-21T17:36:23.802Z",
    "time_update": "2024-02-21T17:36:23.802Z",
    "status": "published",
    "parent": null,
    "lft": 1,
    "rght": 4,
    "tree_id": 1,
    "level": 0
  }
},
{
  "model": "blog.comment",
  "pk": 2,
  "fields": {
    "post": 15,
    "author": 4,
    "content": "Andrey, и я)))",
    "time_create": "2024-02-21T17:37:40.059Z",
    "time_update": "2024-02-21T17:37:40.059Z",
    "status": "published",
    "parent": 1,
    "lft": 2,
    "rght": 3,
    "tree_id": 1,
    "level": 1
  }
},
{
  "model": "blog.comment",
  "pk": 3,
  "fields": {
    "post": 15,
    "author": 4,
    "content": "Ну а вообще красава, не зассал, перешел",
    "time_create": "2024-02-21T17:39:06.089Z",
    "time_update": "2024-02-21T17:39:06.089Z",
    "status": "published",
    "parent": null,
    "lft": 1,
    "rght": 2,
    "tree_id": 2,
    "level": 0
  }
},
{
  "model": "blog.comment",
  "pk": 4,
  "fields": {
    "post": 12,
    "author": 1,
    "content": "Урааа",
    "time_create": "2024-02-21T19:12:36.208Z",
    "time_update": "2024-02-21T19:12:36.208Z",
    "status": "published",
    "parent": null,
    "lft": 1,
    "rght": 2,
    "tree_id": 3,
    "level": 0
  }
},
{
  "model": "blog.comment",
  "pk": 5,
  "fields": {
    "post": 19,
    "author": 4,
    "content": "Тяжелое время(",
    "time_create": "2024-02-21T22:06:21.483Z",
    "time_update": "2024-02-21T22:06:21.483Z",
    "status": "published",
    "parent": null,
    "lft": 1,
    "rght": 2,
    "tree_id": 4,
    "level": 0
  }
},
{
  "model": "blog.rating",
  "pk": 3,
  "fields": {
    "post": 18,
    "user": 4,
    "value": 1,
    "time_create": "2024-02-22T12:22:55.799Z",
    "ip_address": "127.0.0.1"
  }
},
{
  "model": "blog.rating",
  "pk": 4,
  "fields": {
    "post": 17,
    "user": 4,
    "value": 1,
    "time_create": "2024-02-22T12:22:59.601Z",
    "ip_address": "127.0.0.1"
  }
},
{
  "model": "blog.rating",
  "pk": 5,
  "fields": {
    "post": 16,
    "user": 4,
    "value": 1,
    "time_create": "2024-02-22T12:23:00.888Z",
    "ip_address": "127.0.0.1"
  }
},
{
  "model": "blog.rating",
  "pk": 6,
  "fields": {
    "post": 15,
    "user": 4,
    "value": 1,
    "time_create": "2024-02-22T12:23:01.880Z",
    "ip_address": "127.0.0.1"
  }
},
{
  "model": "blog.rating",
  "pk": 7,
  "fields": {
    "post": 13,
    "user": 4,
    "value": 1,
    "time_create": "2024-02-22T12:23:03.128Z",
    "ip_address": "127.0.0.1"
  }
},
{
  "model": "blog.rating",
  "pk": 8,
  "fields": {
    "post": 12,
    "user": 4,
    "value": 1,
    "time_create": "2024-02-22T12:23:04.296Z",
    "ip_address": "127.0.0.1"
  }
},
{
  "model": "blog.rating",
  "pk": 9,
  "fields": {
    "post": 11,
    "user": 4,
    "value": 1,
    "time_create": "2024-02-22T12:23:06.503Z",
    "ip_address": "127.0.0.1"
  }
},
{
  "model": "blog.rating",
  "pk": 10,
  "fields": {
    "post": 10,
    "user": 4,
    "value": 1,
    "time_create": "2024-02-22T12:23:07.512Z",
    "ip_address": "127.0.0.1"
  }
},
{
  "model": "blog.rating",
  "pk": 11,
  "fields": {
    "post": 9,
    "user": 4,
    "value": 1,
    "time_create": "2024-02-22T12:23:08.400Z",
    "ip_address": "127.0.0.1"
  }
},
{
  "model": "blog.rating",
  "pk": 12,
  "fields": {
    "post": 8,
    "user": 4,
    "value": 1,
    "time_create": "2024-02-22T12:23:09.520Z",
    "ip_address": "127.0.0.1"
  }
},
{
  "model": "blog.rating",
  "pk": 13,
  "fields": {
    "post": 7,
    "user": 4,
    "value": 1,
    "time_create": "2024-02-22T12:23:10.687Z",
    "ip_address": "127.0.0.1"
  }
},
{
  "model": "blog.rating",
  "pk": 14,
  "fields": {
    "post": 5,
    "user": 4,
    "value": 1,
    "time_create": "2024-02-22T12:23:11.552Z",
    "ip_address": "127.0.0.1"
  }
},
{
  "model": "blog.rating",
  "pk": 16,
  "fields": {
    "post": 2,
    "user": 4,
    "value": 1,
    "time_create": "2024-02-22T12:23:14.935Z",
    "ip_address": "127.0.0.1"
  }
},
{
  "model": "blog.rating",
  "pk": 17,
  "fields": {
    "post": 1,
    "user": 4,
    "value": 1,
    "time_create": "2024-02-22T12:23:15.967Z",
    "ip_address": "127.0.0.1"
  }
},
{
  "model": "blog.rating",
  "pk": 20,
  "fields": {
    "post": 4,
    "user": 1,
    "value": 1,
    "time_create": "2024-02-22T12:29:32.459Z",
    "ip_address": "127.0.0.1"
  }
},
{
  "model": "blog.rating",
  "pk": 24,
  "fields": {
    "post": 19,
    "user": 1,
    "value": 1,
    "time_create": "2024-02-22T16:08:01.200Z",
    "ip_address": "127.0.0.1"
  }
},
{
  "model": "accounts.profile",
  "pk": 1,
  "fields": {
    "user": 1,
    "slug": "admin",
    "avatar": "images/avatars/2024/02/20/django-logo.png",
    "bio": "Создаю данный блог на Django.",
    "birth_date": "2003-08-26"
  }
},
{
  "model": "accounts.profile",
  "pk": 2,
  "fields": {
    "user": 3,
    "slug": "ilya",
    "avatar": "images/avatars/default.png",
    "bio": "",
    "birth_date": null
  }
},
{
  "model": "accounts.profile",
  "pk": 3,
  "fields": {
    "user": 2,
    "slug": "ksulia",
    "avatar": "images/avatars/2024/02/21/result.jpg",
    "bio": "Я та самая тумблер-девочка самого лучшего мальчика-программиста 😍😍😍😘😘😘\r\nЛюблю тебя, сладкий 💦💦💦❤️❤️❤️",
    "birth_date": "2004-06-10"
  }
},
{
  "model": "accounts.profile",
  "pk": 4,
  "fields": {
    "user": 4,
    "slug": "michael",
    "avatar": "images/avatars/2024/02/21/hlUCEFGouVI_1.jpg",
    "bio": "Являюсь разработчиком этого блога. По всем вопросам, связанным с блогом или его функциональностью, можете обращаться ко мне.",
    "birth_date": "2003-08-26"
  }
},
{
  "model": "accounts.profile",
  "pk": 5,
  "fields": {
    "user": 5,
    "slug": "olga",
    "avatar": "images/avatars/2024/02/22/wrWkW-MSoqU.jpg",
    "bio": "Я мама двух дочек пусичек, люблю их нимагу 😍😍😍😇😇😇",
    "birth_date": "1981-06-08"
  }
},
{
  "model": "accounts.profile",
  "pk": 6,
  "fields": {
    "user": 6,
    "slug": "andrey",
    "avatar": "images/avatars/2024/02/21/J0WHxxc9Y6U.jpg",
    "bio": "Пока хзшки",
    "birth_date": "1979-11-28"
  }
},
{
  "model": "taggit.tag",
  "pk": 1,
  "fields": {
    "name": "язык",
    "slug": "язык"
  }
},
{
  "model": "taggit.tag",
  "pk": 2,
  "fields": {
    "name": "python",
    "slug": "python"
  }
},
{
  "model": "taggit.tag",
  "pk": 3,
  "fields": {
    "name": "тест",
    "slug": "тест"
  }
},
{
  "model": "taggit.tag",
  "pk": 4,
  "fields": {
    "name": "c",
    "slug": "c"
  }
},
{
  "model": "taggit.taggeditem",
  "pk": 1,
  "fields": {
    "tag": 1,
    "content_type": 8,
    "object_id": 1
  }
},
{
  "model": "taggit.taggeditem",
  "pk": 2,
  "fields": {
    "tag": 2,
    "content_type": 8,
    "object_id": 1
  }
},
{
  "model": "taggit.taggeditem",
  "pk": 3,
  "fields": {
    "tag": 3,
    "content_type": 8,
    "object_id": 2
  }
},
{
  "model": "taggit.taggeditem",
  "pk": 4,
  "fields": {
    "tag": 1,
    "content_type": 8,
    "object_id": 5
  }
},
{
  "model": "taggit.taggeditem",
  "pk": 5,
  "fields": {
    "tag": 4,
    "content_type": 8,
    "object_id": 5
  }
}
]
